符号,産業分類項目名,industry_name,industry_code
010,管理，補助的経済活動を行う事業所,農業，林業,A
011,耕種農業,農業，林業,A
012,畜産農業,農業，林業,A
013,農業サービス業（園芸サービス業を除く）,農業，林業,A
014,園芸サービス業,農業，林業,A
020,管理，補助的経済活動を行う事業所,農業，林業,A
021,育林業,農業，林業,A
022,素材生産業,農業，林業,A
023,特用林産物生産業（きのこ類の栽培を除く）,農業，林業,A
024,林業サービス業,農業，林業,A
029,その他の林業,農業，林業,A
030,管理，補助的経済活動を行う事業所,漁業,B
031,海面漁業,漁業,B
032,内水面漁業,漁業,B
040,管理，補助的経済活動を行う事業所,漁業,B
041,海面養殖業,漁業,B
042,内水面養殖業,漁業,B
050,管理，補助的経済活動を行う事業所,鉱業，採石業，砂利採取業,C
051,金属鉱業,鉱業，採石業，砂利採取業,C
052,石炭・亜炭鉱業,鉱業，採石業，砂利採取業,C
053,原油・天然ガス鉱業,鉱業，採石業，砂利採取業,C
054,採石業，砂・砂利・玉石採取業,鉱業，採石業，砂利採取業,C
055,窯業原料用鉱物鉱業（耐火物・陶磁器・ガラス・セメント原料用に限る）,鉱業，採石業，砂利採取業,C
059,その他の鉱業,鉱業，採石業，砂利採取業,C
060,管理，補助的経済活動を行う事業所,建設業,D
061,一般土木建築工事業,建設業,D
062,土木工事業（舗装工事業を除く）,建設業,D
063,舗装工事業,建設業,D
064,建築工事業（木造建築工事業を除く）,建設業,D
065,木造建築工事業,建設業,D
066,建築リフォーム工事業,建設業,D
070,管理，補助的経済活動を行う事業所,建設業,D
071,大工工事業,建設業,D
072,とび・土工・コンクリート工事業,建設業,D
073,鉄骨・鉄筋工事業,建設業,D
074,石工・れんが・タイル・ブロック工事業,建設業,D
075,左官工事業,建設業,D
076,板金・金物工事業,建設業,D
077,塗装工事業,建設業,D
078,床・内装工事業,建設業,D
079,その他の職別工事業,建設業,D
080,管理，補助的経済活動を行う事業所,建設業,D
081,電気工事業,建設業,D
082,電気通信・信号装置工事業,建設業,D
083,管工事業（さく井工事業を除く）,建設業,D
084,機械器具設置工事業,建設業,D
089,その他の設備工事業,建設業,D
090,管理，補助的経済活動を行う事業所,製造業,E
091,畜産食料品製造業,製造業,E
092,水産食料品製造業,製造業,E
093,野菜缶詰・果実缶詰・農産保存食料品製造業,製造業,E
094,調味料製造業,製造業,E
095,糖類製造業,製造業,E
096,精穀・製粉業,製造業,E
097,パン・菓子製造業,製造業,E
098,動植物油脂製造業,製造業,E
099,その他の食料品製造業,製造業,E
100,管理，補助的経済活動を行う事業所,製造業,E
101,清涼飲料製造業,製造業,E
102,酒類製造業,製造業,E
103,茶・コーヒー製造業（清涼飲料を除く）,製造業,E
104,製氷業,製造業,E
105,たばこ製造業,製造業,E
106,飼料・有機質肥料製造業,製造業,E
110,管理，補助的経済活動を行う事業所,製造業,E
111,製糸業，紡績業，化学繊維・ねん糸等製造業,製造業,E
112,織物業,製造業,E
113,ニット生地製造業,製造業,E
114,染色整理業,製造業,E
115,綱・網・レース・繊維粗製品製造業,製造業,E
116,外衣・シャツ製造業（和式を除く）,製造業,E
117,下着類製造業,製造業,E
118,和装製品・その他の衣服・繊維製身の回り品製造業,製造業,E
119,その他の繊維製品製造業,製造業,E
120,管理，補助的経済活動を行う事業所,製造業,E
121,製材業，木製品製造業,製造業,E
122,造作材・合板・建築用組立材料製造業,製造業,E
123,木製容器製造業（竹，とうを含む）,製造業,E
129,その他の木製品製造業（竹，とうを含む）,製造業,E
130,管理，補助的経済活動を行う事業所,製造業,E
131,家具製造業,製造業,E
132,宗教用具製造業,製造業,E
133,建具製造業,製造業,E
139,その他の家具・装備品製造業,製造業,E
140,管理，補助的経済活動を行う事業所,製造業,E
141,パルプ製造業,製造業,E
142,紙製造業,製造業,E
143,加工紙製造業,製造業,E
144,紙製品製造業,製造業,E
145,紙製容器製造業,製造業,E
149,その他のパルプ・紙・紙加工品製造業,製造業,E
150,管理，補助的経済活動を行う事業所,製造業,E
151,印刷業,製造業,E
152,製版業,製造業,E
153,製本業，印刷物加工業,製造業,E
159,印刷関連サービス業,製造業,E
160,管理，補助的経済活動を行う事業所,製造業,E
161,化学肥料製造業,製造業,E
162,無機化学工業製品製造業,製造業,E
163,有機化学工業製品製造業,製造業,E
164,油脂加工製品・石けん・合成洗剤・界面活性剤・塗料製造業,製造業,E
165,医薬品製造業,製造業,E
166,化粧品・歯磨・その他の化粧用調整品製造業,製造業,E
169,その他の化学工業,製造業,E
170,管理，補助的経済活動を行う事業所,製造業,E
171,石油精製業,製造業,E
172,潤滑油・グリース製造業（石油精製業によらないもの）,製造業,E
173,コークス製造業,製造業,E
174,舗装材料製造業,製造業,E
179,その他の石油製品・石炭製品製造業,製造業,E
180,管理，補助的経済活動を行う事業所,製造業,E
181,プラスチック板・棒・管・継手・異形押出製品製造業,製造業,E
182,プラスチックフィルム・シート・床材・合成皮革製造業,製造業,E
183,工業用プラスチック製品製造業,製造業,E
184,発泡・強化プラスチック製品製造業,製造業,E
185,プラスチック成形材料製造業（廃プラスチックを含む）,製造業,E
189,その他のプラスチック製品製造業,製造業,E
190,管理，補助的経済活動を行う事業所,製造業,E
191,タイヤ・チューブ製造業,製造業,E
192,ゴム製・プラスチック製履物・同附属品製造業,製造業,E
193,ゴムベルト・ゴムホース・工業用ゴム製品製造業,製造業,E
199,その他のゴム製品製造業,製造業,E
200,管理，補助的経済活動を行う事業所,製造業,E
201,なめし革製造業,製造業,E
202,工業用革製品製造業（手袋を除く）,製造業,E
203,革製履物用材料・同附属品製造業,製造業,E
204,革製履物製造業,製造業,E
205,革製手袋製造業,製造業,E
206,かばん製造業,製造業,E
207,袋物製造業,製造業,E
208,毛皮製造業,製造業,E
209,その他のなめし革製品製造業,製造業,E
210,管理，補助的経済活動を行う事業所,製造業,E
211,ガラス・同製品製造業,製造業,E
212,セメント・同製品製造業,製造業,E
213,建設用粘土製品製造業（陶磁器製を除く）,製造業,E
214,陶磁器・同関連製品製造業,製造業,E
215,耐火物製造業,製造業,E
216,炭素・黒鉛製品製造業,製造業,E
217,研磨材・同製品製造業,製造業,E
218,骨材・石工品等製造業,製造業,E
219,その他の窯業・土石製品製造業,製造業,E
220,管理，補助的経済活動を行う事業所,製造業,E
221,製鉄業,製造業,E
222,製鋼・製鋼圧延業,製造業,E
223,製鋼を行わない鋼材製造業（表面処理鋼材を除く）,製造業,E
224,表面処理鋼材製造業,製造業,E
225,鉄素形材製造業,製造業,E
229,その他の鉄鋼業,製造業,E
230,管理，補助的経済活動を行う事業所,製造業,E
231,非鉄金属第１次製錬・精製業,製造業,E
232,非鉄金属第２次製錬・精製業（非鉄金属合金製造業を含む）,製造業,E
233,非鉄金属・同合金圧延業（抽伸，押出しを含む）,製造業,E
234,電線・ケーブル製造業,製造業,E
235,非鉄金属素形材製造業,製造業,E
239,その他の非鉄金属製造業,製造業,E
240,管理，補助的経済活動を行う事業所,製造業,E
241,ブリキ缶・その他のめっき板等製品製造業,製造業,E
242,洋食器・刃物・手道具・金物類製造業,製造業,E
243,暖房・調理等装置，配管工事用附属品製造業,製造業,E
244,建設用・建築用金属製品製造業（製缶板金業を含む）,製造業,E
245,金属素形材製品製造業,製造業,E
246,金属被覆・彫刻業，熱処理業（ほうろう鉄器を除く）,製造業,E
247,金属線製品製造業（ねじ類を除く）,製造業,E
248,ボルト・ナット・リベット・小ねじ・木ねじ等製造業,製造業,E
249,その他の金属製品製造業,製造業,E
250,管理，補助的経済活動を行う事業所,製造業,E
251,ボイラ・原動機製造業,製造業,E
252,ポンプ・圧縮機器製造業,製造業,E
253,一般産業用機械・装置製造業,製造業,E
259,その他のはん用機械・同部分品製造業,製造業,E
260,管理，補助的経済活動を行う事業所,製造業,E
261,農業用機械製造業（農業用器具を除く）,製造業,E
262,建設機械・鉱山機械製造業,製造業,E
263,繊維機械製造業,製造業,E
264,生活関連産業用機械製造業,製造業,E
265,基礎素材産業用機械製造業,製造業,E
266,金属加工機械製造業,製造業,E
267,半導体・フラットパネルディスプレイ製造装置製造業,製造業,E
269,その他の生産用機械・同部分品製造業,製造業,E
270,管理，補助的経済活動を行う事業所,製造業,E
271,事務用機械器具製造業,製造業,E
272,サービス用・娯楽用機械器具製造業,製造業,E
273,計量器・測定器・分析機器・試験機・測量機械器具・理化学機械器具製造業,製造業,E
274,医療用機械器具・医療用品製造業,製造業,E
275,光学機械器具・レンズ製造業,製造業,E
276,武器製造業,製造業,E
280,管理，補助的経済活動を行う事業所,製造業,E
281,電子デバイス製造業,製造業,E
282,電子部品製造業,製造業,E
283,記録メディア製造業,製造業,E
284,電子回路製造業,製造業,E
285,ユニット部品製造業,製造業,E
289,その他の電子部品・デバイス・電子回路製造業,製造業,E
290,管理，補助的経済活動を行う事業所,製造業,E
291,発電用・送電用・配電用電気機械器具製造業,製造業,E
292,産業用電気機械器具製造業,製造業,E
293,民生用電気機械器具製造業,製造業,E
294,電球・電気照明器具製造業,製造業,E
295,電池製造業,製造業,E
296,電子応用装置製造業,製造業,E
297,電気計測器製造業,製造業,E
299,その他の電気機械器具製造業,製造業,E
300,管理，補助的経済活動を行う事業所,製造業,E
301,通信機械器具・同関連機械器具製造業,製造業,E
302,映像・音響機械器具製造業,製造業,E
303,電子計算機・同附属装置製造業,製造業,E
310,管理，補助的経済活動を行う事業所,製造業,E
311,自動車・同附属品製造業,製造業,E
312,鉄道車両・同部分品製造業,製造業,E
313,船舶製造・修理業，舶用機関製造業,製造業,E
314,航空機・同附属品製造業,製造業,E
315,産業用運搬車両・同部分品・附属品製造業,製造業,E
319,その他の輸送用機械器具製造業,製造業,E
320,管理，補助的経済活動を行う事業所,製造業,E
321,貴金属・宝石製品製造業,製造業,E
322,装身具・装飾品・ボタン・同関連品製造業（貴金属・宝石製を除く）,製造業,E
323,時計・同部分品製造業,製造業,E
324,楽器製造業,製造業,E
325,がん具・運動用具製造業,製造業,E
32A,がん具製造業,製造業,E
32B,運動用具製造業,製造業,E
326,ペン・鉛筆・絵画用品・その他の事務用品製造業,製造業,E
327,漆器製造業,製造業,E
328,畳等生活雑貨製品製造業,製造業,E
329,他に分類されない製造業,製造業,E
32C,情報記録物製造業（新聞，書籍等の印刷物を除く）,製造業,E
32D,他に分類されないその他の製造業,製造業,E
330,管理，補助的経済活動を行う事業所,電気・ガス・熱供給・水道業,F
331,電気業,電気・ガス・熱供給・水道業,F
340,管理，補助的経済活動を行う事業所,電気・ガス・熱供給・水道業,F
341,ガス業,電気・ガス・熱供給・水道業,F
350,管理，補助的経済活動を行う事業所,電気・ガス・熱供給・水道業,F
351,熱供給業,電気・ガス・熱供給・水道業,F
360,管理，補助的経済活動を行う事業所,電気・ガス・熱供給・水道業,F
361,上水道業,電気・ガス・熱供給・水道業,F
362,工業用水道業,電気・ガス・熱供給・水道業,F
363,下水道業,電気・ガス・熱供給・水道業,F
370,管理，補助的経済活動を行う事業所,情報通信業,G
371,固定電気通信業,情報通信業,G
372,移動電気通信業,情報通信業,G
373,電気通信に附帯するサービス業,情報通信業,G
380,管理，補助的経済活動を行う事業所,情報通信業,G
381,公共放送業（有線放送業を除く）,情報通信業,G
382,民間放送業（有線放送業を除く）,情報通信業,G
383,有線放送業,情報通信業,G
390,管理，補助的経済活動を行う事業所,情報通信業,G
391,ソフトウェア業,情報通信業,G
392,情報処理・提供サービス業,情報通信業,G
39A,情報処理サービス業,情報通信業,G
39B,情報提供サービス業,情報通信業,G
39C,その他の情報処理・提供サービス業,情報通信業,G
400,管理，補助的経済活動を行う事業所,情報通信業,G
401,インターネット附随サービス業,情報通信業,G
410,管理，補助的経済活動を行う事業所,情報通信業,G
411,映像情報制作・配給業,情報通信業,G
412,音声情報制作業,情報通信業,G
413,新聞業,情報通信業,G
414,出版業,情報通信業,G
415,広告制作業,情報通信業,G
416,映像・音声・文字情報制作に附帯するサービス業,情報通信業,G
420,管理，補助的経済活動を行う事業所,運輸業，郵便業,H
421,鉄道業,運輸業，郵便業,H
430,管理，補助的経済活動を行う事業所,運輸業，郵便業,H
431,一般乗合旅客自動車運送業,運輸業，郵便業,H
432,一般乗用旅客自動車運送業,運輸業，郵便業,H
433,一般貸切旅客自動車運送業,運輸業，郵便業,H
439,その他の道路旅客運送業,運輸業，郵便業,H
440,管理，補助的経済活動を行う事業所,運輸業，郵便業,H
441,一般貨物自動車運送業,運輸業，郵便業,H
442,特定貨物自動車運送業,運輸業，郵便業,H
443,貨物軽自動車運送業,運輸業，郵便業,H
444,集配利用運送業,運輸業，郵便業,H
449,その他の道路貨物運送業,運輸業，郵便業,H
450,管理，補助的経済活動を行う事業所,運輸業，郵便業,H
451,外航海運業,運輸業，郵便業,H
452,沿海海運業,運輸業，郵便業,H
453,内陸水運業,運輸業，郵便業,H
454,船舶貸渡業,運輸業，郵便業,H
460,管理，補助的経済活動を行う事業所,運輸業，郵便業,H
461,航空運送業,運輸業，郵便業,H
462,航空機使用業（航空運送業を除く）,運輸業，郵便業,H
470,管理，補助的経済活動を行う事業所,運輸業，郵便業,H
471,倉庫業（冷蔵倉庫業を除く）,運輸業，郵便業,H
472,冷蔵倉庫業,運輸業，郵便業,H
480,管理，補助的経済活動を行う事業所,運輸業，郵便業,H
481,港湾運送業,運輸業，郵便業,H
482,貨物運送取扱業（集配利用運送業を除く）,運輸業，郵便業,H
483,運送代理店,運輸業，郵便業,H
484,こん包業,運輸業，郵便業,H
485,運輸施設提供業,運輸業，郵便業,H
489,その他の運輸に附帯するサービス業,運輸業，郵便業,H
490,管理，補助的経済活動を行う事業所,運輸業，郵便業,H
491,郵便業（信書便事業を含む）,運輸業，郵便業,H
500,管理，補助的経済活動を行う事業所,卸売業，小売業,I
501,各種商品卸売業,卸売業，小売業,I
50A,各種商品卸売業（従業者が常時100人以上のもの）,卸売業，小売業,I
50B,その他の各種商品卸売業,卸売業，小売業,I
510,管理，補助的経済活動を行う事業所,卸売業，小売業,I
511,繊維品卸売業（衣服，身の回り品を除く）,卸売業，小売業,I
512,衣服卸売業,卸売業，小売業,I
513,身の回り品卸売業,卸売業，小売業,I
520,管理，補助的経済活動を行う事業所,卸売業，小売業,I
521,農畜産物・水産物卸売業,卸売業，小売業,I
52A,米穀類卸売業,卸売業，小売業,I
52B,野菜・果実卸売業,卸売業，小売業,I
52C,食肉卸売業,卸売業，小売業,I
52D,生鮮魚介卸売業,卸売業，小売業,I
52E,その他の農畜産物・水産物卸売業,卸売業，小売業,I
522,食料・飲料卸売業,卸売業，小売業,I
530,管理，補助的経済活動を行う事業所,卸売業，小売業,I
531,建築材料卸売業,卸売業，小売業,I
532,化学製品卸売業,卸売業，小売業,I
533,石油・鉱物卸売業,卸売業，小売業,I
534,鉄鋼製品卸売業,卸売業，小売業,I
535,非鉄金属卸売業,卸売業，小売業,I
536,再生資源卸売業,卸売業，小売業,I
540,管理，補助的経済活動を行う事業所,卸売業，小売業,I
541,産業機械器具卸売業,卸売業，小売業,I
542,自動車卸売業,卸売業，小売業,I
543,電気機械器具卸売業,卸売業，小売業,I
549,その他の機械器具卸売業,卸売業，小売業,I
550,管理，補助的経済活動を行う事業所,卸売業，小売業,I
551,家具・建具・じゅう器等卸売業,卸売業，小売業,I
552,医薬品・化粧品等卸売業,卸売業，小売業,I
553,紙・紙製品卸売業,卸売業，小売業,I
559,他に分類されない卸売業,卸売業，小売業,I
55A,代理商，仲立業,卸売業，小売業,I
55B,他に分類されないその他の卸売業,卸売業，小売業,I
560,管理，補助的経済活動を行う事業所,卸売業，小売業,I
561,百貨店，総合スーパー,卸売業，小売業,I
569,その他の各種商品小売業（従業者が常時50人未満のもの）,卸売業，小売業,I
570,管理，補助的経済活動を行う事業所,卸売業，小売業,I
571,呉服・服地・寝具小売業,卸売業，小売業,I
572,男子服小売業,卸売業，小売業,I
573,婦人・子供服小売業,卸売業，小売業,I
574,靴・履物小売業,卸売業，小売業,I
579,その他の織物・衣服・身の回り品小売業,卸売業，小売業,I
580,管理，補助的経済活動を行う事業所,卸売業，小売業,I
581,各種食料品小売業,卸売業，小売業,I
582,野菜・果実小売業,卸売業，小売業,I
583,食肉小売業,卸売業，小売業,I
584,鮮魚小売業,卸売業，小売業,I
585,酒小売業,卸売業，小売業,I
586,菓子・パン小売業,卸売業，小売業,I
589,その他の飲食料品小売業,卸売業，小売業,I
58A,料理品小売業,卸売業，小売業,I
58B,他に分類されない飲食料品小売業,卸売業，小売業,I
590,管理，補助的経済活動を行う事業所,卸売業，小売業,I
591,自動車小売業,卸売業，小売業,I
592,自転車小売業,卸売業，小売業,I
593,機械器具小売業（自動車，自転車を除く）,卸売業，小売業,I
600,管理，補助的経済活動を行う事業所,卸売業，小売業,I
601,家具・建具・畳小売業,卸売業，小売業,I
602,じゅう器小売業,卸売業，小売業,I
603,医薬品・化粧品小売業,卸売業，小売業,I
604,農耕用品小売業,卸売業，小売業,I
605,燃料小売業,卸売業，小売業,I
606,書籍・文房具小売業,卸売業，小売業,I
607,スポーツ用品・がん具・娯楽用品・楽器小売業,卸売業，小売業,I
60A,スポーツ用品小売業,卸売業，小売業,I
60B,がん具・娯楽用品小売業,卸売業，小売業,I
60C,楽器小売業,卸売業，小売業,I
608,写真機・時計・眼鏡小売業,卸売業，小売業,I
609,他に分類されない小売業,卸売業，小売業,I
60D,花・植木小売業,卸売業，小売業,I
60E,ペット・ペット用品小売業,卸売業，小売業,I
60F,中古品小売業（他に分類されないもの）,卸売業，小売業,I
60G,他に分類されないその他の小売業,卸売業，小売業,I
610,管理，補助的経済活動を行う事業所,卸売業，小売業,I
611,通信販売・訪問販売小売業,卸売業，小売業,I
612,自動販売機による小売業,卸売業，小売業,I
619,その他の無店舗小売業,卸売業，小売業,I
620,管理，補助的経済活動を行う事業所,金融業，保険業,J
621,中央銀行,金融業，保険業,J
622,銀行（中央銀行を除く）,金融業，保険業,J
630,管理，補助的経済活動を行う事業所,金融業，保険業,J
631,中小企業等金融業,金融業，保険業,J
632,農林水産金融業,金融業，保険業,J
640,管理，補助的経済活動を行う事業所,金融業，保険業,J
641,貸金業,金融業，保険業,J
642,質屋,金融業，保険業,J
643,クレジットカード業，割賦金融業,金融業，保険業,J
649,その他の非預金信用機関,金融業，保険業,J
650,管理，補助的経済活動を行う事業所,金融業，保険業,J
651,金融商品取引業,金融業，保険業,J
652,商品先物取引業，商品投資顧問業,金融業，保険業,J
660,管理，補助的経済活動を行う事業所,金融業，保険業,J
661,補助的金融業，金融附帯業,金融業，保険業,J
662,信託業,金融業，保険業,J
663,金融代理業,金融業，保険業,J
670,管理，補助的経済活動を行う事業所,金融業，保険業,J
671,生命保険業,金融業，保険業,J
672,損害保険業,金融業，保険業,J
673,共済事業，少額短期保険業,金融業，保険業,J
674,保険媒介代理業,金融業，保険業,J
675,保険サービス業,金融業，保険業,J
680,管理，補助的経済活動を行う事業所,不動産業，物品賃貸業,K
681,建物売買業，土地売買業,不動産業，物品賃貸業,K
682,不動産代理業・仲介業,不動産業，物品賃貸業,K
690,管理，補助的経済活動を行う事業所,不動産業，物品賃貸業,K
691,不動産賃貸業（貸家業，貸間業を除く）,不動産業，物品賃貸業,K
692,貸家業，貸間業,不動産業，物品賃貸業,K
693,駐車場業,不動産業，物品賃貸業,K
694,不動産管理業,不動産業，物品賃貸業,K
700,管理，補助的経済活動を行う事業所,不動産業，物品賃貸業,K
701,各種物品賃貸業,不動産業，物品賃貸業,K
70C,総合リース業,不動産業，物品賃貸業,K
70D,その他の各種物品賃貸業,不動産業，物品賃貸業,K
702,産業用機械器具賃貸業,不動産業，物品賃貸業,K
703,事務用機械器具賃貸業,不動産業，物品賃貸業,K
704,自動車賃貸業,不動産業，物品賃貸業,K
705,スポーツ・娯楽用品賃貸業,不動産業，物品賃貸業,K
709,その他の物品賃貸業,不動産業，物品賃貸業,K
70A,音楽・映像記録物賃貸業（別掲を除く）,不動産業，物品賃貸業,K
70B,他に分類されない物品賃貸業,不動産業，物品賃貸業,K
710,管理，補助的経済活動を行う事業所,学術研究，専門・技術サービス業,L
711,自然科学研究所,学術研究，専門・技術サービス業,L
712,人文・社会科学研究所,学術研究，専門・技術サービス業,L
720,管理，補助的経済活動を行う事業所,学術研究，専門・技術サービス業,L
721,法律事務所，特許事務所,学術研究，専門・技術サービス業,L
72A,法律事務所,学術研究，専門・技術サービス業,L
72B,特許事務所,学術研究，専門・技術サービス業,L
722,公証人役場，司法書士事務所，土地家屋調査士事務所,学術研究，専門・技術サービス業,L
72J,公証人役場，司法書士事務所,学術研究，専門・技術サービス業,L
72K,土地家屋調査士事務所,学術研究，専門・技術サービス業,L
723,行政書士事務所,学術研究，専門・技術サービス業,L
724,公認会計士事務所，税理士事務所,学術研究，専門・技術サービス業,L
72C,公認会計士事務所,学術研究，専門・技術サービス業,L
72D,税理士事務所,学術研究，専門・技術サービス業,L
725,社会保険労務士事務所,学術研究，専門・技術サービス業,L
726,デザイン業,学術研究，専門・技術サービス業,L
727,著述・芸術家業,学術研究，専門・技術サービス業,L
728,経営コンサルタント業，純粋持株会社,学術研究，専門・技術サービス業,L
72E,経営コンサルタント業,学術研究，専門・技術サービス業,L
72F,純粋持株会社,学術研究，専門・技術サービス業,L
729,その他の専門サービス業,学術研究，専門・技術サービス業,L
72G,興信所,学術研究，専門・技術サービス業,L
72H,他に分類されない専門サービス業,学術研究，専門・技術サービス業,L
730,管理，補助的経済活動を行う事業所,学術研究，専門・技術サービス業,L
731,広告業,学術研究，専門・技術サービス業,L
740,管理，補助的経済活動を行う事業所,学術研究，専門・技術サービス業,L
741,獣医業,学術研究，専門・技術サービス業,L
742,土木建築サービス業,学術研究，専門・技術サービス業,L
74A,建築設計業,学術研究，専門・技術サービス業,L
74B,測量業,学術研究，専門・技術サービス業,L
74C,その他の土木建築サービス業,学術研究，専門・技術サービス業,L
743,機械設計業,学術研究，専門・技術サービス業,L
744,商品・非破壊検査業,学術研究，専門・技術サービス業,L
745,計量証明業,学術研究，専門・技術サービス業,L
746,写真業,学術研究，専門・技術サービス業,L
74D,写真業（商業写真業を除く）,学術研究，専門・技術サービス業,L
74E,商業写真業,学術研究，専門・技術サービス業,L
749,その他の技術サービス業,学術研究，専門・技術サービス業,L
750,管理，補助的経済活動を行う事業所,宿泊業，飲食サービス業,M
751,旅館，ホテル,宿泊業，飲食サービス業,M
752,簡易宿所,宿泊業，飲食サービス業,M
753,下宿業,宿泊業，飲食サービス業,M
759,その他の宿泊業,宿泊業，飲食サービス業,M
75A,会社・団体の宿泊所,宿泊業，飲食サービス業,M
75B,他に分類されない宿泊業,宿泊業，飲食サービス業,M
760,管理，補助的経済活動を行う事業所,宿泊業，飲食サービス業,M
761,食堂，レストラン（専門料理店を除く）,宿泊業，飲食サービス業,M
762,専門料理店,宿泊業，飲食サービス業,M
76A,日本料理店,宿泊業，飲食サービス業,M
76B,中華料理店,宿泊業，飲食サービス業,M
76C,焼肉店,宿泊業，飲食サービス業,M
76D,その他の専門料理店,宿泊業，飲食サービス業,M
763,そば・うどん店,宿泊業，飲食サービス業,M
764,すし店,宿泊業，飲食サービス業,M
765,酒場，ビヤホール,宿泊業，飲食サービス業,M
766,バー，キャバレー，ナイトクラブ,宿泊業，飲食サービス業,M
767,喫茶店,宿泊業，飲食サービス業,M
769,その他の飲食店,宿泊業，飲食サービス業,M
76E,ハンバーガー店,宿泊業，飲食サービス業,M
76F,お好み焼・焼きそば・たこ焼店,宿泊業，飲食サービス業,M
76G,他に分類されない飲食店,宿泊業，飲食サービス業,M
770,管理，補助的経済活動を行う事業所,宿泊業，飲食サービス業,M
771,持ち帰り飲食サービス業,宿泊業，飲食サービス業,M
772,配達飲食サービス業,宿泊業，飲食サービス業,M
780,管理，補助的経済活動を行う事業所,生活関連サービス業，娯楽業,N
781,洗濯業,生活関連サービス業，娯楽業,N
78A,普通洗濯業,生活関連サービス業，娯楽業,N
78B,リネンサプライ業,生活関連サービス業，娯楽業,N
782,理容業,生活関連サービス業，娯楽業,N
783,美容業,生活関連サービス業，娯楽業,N
784,一般公衆浴場業,生活関連サービス業，娯楽業,N
785,その他の公衆浴場業,生活関連サービス業，娯楽業,N
789,その他の洗濯・理容・美容・浴場業,生活関連サービス業，娯楽業,N
78C,洗張・染物業,生活関連サービス業，娯楽業,N
78D,他に分類されない洗濯・理容・美容・浴場業,生活関連サービス業，娯楽業,N
790,管理，補助的経済活動を行う事業所,生活関連サービス業，娯楽業,N
791,旅行業,生活関連サービス業，娯楽業,N
793,衣服裁縫修理業,生活関連サービス業，娯楽業,N
794,物品預り業,生活関連サービス業，娯楽業,N
795,火葬・墓地管理業,生活関連サービス業，娯楽業,N
796,冠婚葬祭業,生活関連サービス業，娯楽業,N
79A,葬儀業,生活関連サービス業，娯楽業,N
79B,結婚式場業,生活関連サービス業，娯楽業,N
79C,冠婚葬祭互助会,生活関連サービス業，娯楽業,N
799,他に分類されない生活関連サービス業,生活関連サービス業，娯楽業,N
79D,写真プリント，現像・焼付業,生活関連サービス業，娯楽業,N
79E,他に分類されないその他の生活関連サービス業,生活関連サービス業，娯楽業,N
800,管理，補助的経済活動を行う事業所,生活関連サービス業，娯楽業,N
801,映画館,生活関連サービス業，娯楽業,N
802,興行場（別掲を除く），興行団,生活関連サービス業，娯楽業,N
803,競輪・競馬等の競走場，競技団,生活関連サービス業，娯楽業,N
804,スポーツ施設提供業,生活関連サービス業，娯楽業,N
80A,スポーツ施設提供業（別掲を除く）,生活関連サービス業，娯楽業,N
80B,体育館,生活関連サービス業，娯楽業,N
80C,ゴルフ場,生活関連サービス業，娯楽業,N
80D,ゴルフ練習場,生活関連サービス業，娯楽業,N
80E,ボウリング場,生活関連サービス業，娯楽業,N
80F,テニス場,生活関連サービス業，娯楽業,N
80G,バッティング・テニス練習場,生活関連サービス業，娯楽業,N
80H,フィットネスクラブ,生活関連サービス業，娯楽業,N
805,公園，遊園地,生活関連サービス業，娯楽業,N
806,遊戯場,生活関連サービス業，娯楽業,N
80J,マージャンクラブ,生活関連サービス業，娯楽業,N
80K,パチンコホール,生活関連サービス業，娯楽業,N
80L,ゲームセンター,生活関連サービス業，娯楽業,N
80M,その他の遊戯場,生活関連サービス業，娯楽業,N
809,その他の娯楽業,生活関連サービス業，娯楽業,N
80N,カラオケボックス業,生活関連サービス業，娯楽業,N
80Q,娯楽に附帯するサービス業,生活関連サービス業，娯楽業,N
80R,他に分類されない娯楽業,生活関連サービス業，娯楽業,N
810,管理，補助的経済活動を行う事業所,教育，学習支援業,O
811,幼稚園,教育，学習支援業,O
812,小学校,教育，学習支援業,O
813,中学校,教育，学習支援業,O
814,高等学校，中等教育学校,教育，学習支援業,O
815,特別支援学校,教育，学習支援業,O
816,高等教育機関,教育，学習支援業,O
817,専修学校，各種学校,教育，学習支援業,O
81A,専修学校,教育，学習支援業,O
81B,各種学校,教育，学習支援業,O
818,学校教育支援機関,教育，学習支援業,O
819,幼保連携型認定こども園,教育，学習支援業,O
820,管理，補助的経済活動を行う事業所,教育，学習支援業,O
821,社会教育,教育，学習支援業,O
82A,公民館,教育，学習支援業,O
82B,図書館,教育，学習支援業,O
82C,博物館，美術館,教育，学習支援業,O
82D,動物園，植物園，水族館,教育，学習支援業,O
82N,社会通信教育,教育，学習支援業,O
82P,その他の社会教育,教育，学習支援業,O
822,職業・教育支援施設,教育，学習支援業,O
823,学習塾,教育，学習支援業,O
824,教養・技能教授業,教育，学習支援業,O
82F,音楽教授業,教育，学習支援業,O
82G,書道教授業,教育，学習支援業,O
82H,生花・茶道教授業,教育，学習支援業,O
82J,そろばん教授業,教育，学習支援業,O
82K,外国語会話教授業,教育，学習支援業,O
82L,スポーツ・健康教授業,教育，学習支援業,O
82M,その他の教養・技能教授業,教育，学習支援業,O
829,他に分類されない教育，学習支援業,教育，学習支援業,O
830,管理，補助的経済活動を行う事業所,医療，福祉,P
831,病院,医療，福祉,P
832,一般診療所,医療，福祉,P
833,歯科診療所,医療，福祉,P
834,助産・看護業,医療，福祉,P
83A,助産所,医療，福祉,P
83B,看護業,医療，福祉,P
835,療術業,医療，福祉,P
836,医療に附帯するサービス業,医療，福祉,P
83C,歯科技工所,医療，福祉,P
83D,その他の医療に附帯するサービス業,医療，福祉,P
840,管理，補助的経済活動を行う事業所,医療，福祉,P
841,保健所,医療，福祉,P
842,健康相談施設,医療，福祉,P
849,その他の保健衛生,医療，福祉,P
850,管理，補助的経済活動を行う事業所,医療，福祉,P
851,社会保険事業団体,医療，福祉,P
852,福祉事務所,医療，福祉,P
853,児童福祉事業,医療，福祉,P
85A,保育所,医療，福祉,P
85B,その他の児童福祉事業,医療，福祉,P
854,老人福祉・介護事業,医療，福祉,P
85C,特別養護老人ホーム,医療，福祉,P
85D,介護老人保健施設,医療，福祉,P
85E,通所・短期入所介護事業,医療，福祉,P
85F,訪問介護事業,医療，福祉,P
85G,認知症老人グループホーム,医療，福祉,P
85H,有料老人ホーム,医療，福祉,P
85J,その他の老人福祉・介護事業,医療，福祉,P
855,障害者福祉事業,医療，福祉,P
859,その他の社会保険・社会福祉・介護事業,医療，福祉,P
85K,更生保護事業,医療，福祉,P
85L,他に分類されない社会保険・社会福祉・介護事業,医療，福祉,P
860,管理，補助的経済活動を行う事業所,複合サービス事業,Q
861,郵便局,複合サービス事業,Q
862,郵便局受託業,複合サービス事業,Q
870,管理，補助的経済活動を行う事業所,複合サービス事業,Q
871,農林水産業協同組合（他に分類されないもの）,複合サービス事業,Q
872,事業協同組合（他に分類されないもの）,複合サービス事業,Q
880,管理，補助的経済活動を行う事業所,サービス業（他に分類されないもの）,R
881,一般廃棄物処理業,サービス業（他に分類されないもの）,R
882,産業廃棄物処理業,サービス業（他に分類されないもの）,R
889,その他の廃棄物処理業,サービス業（他に分類されないもの）,R
890,管理，補助的経済活動を行う事業所,サービス業（他に分類されないもの）,R
891,自動車整備業,サービス業（他に分類されないもの）,R
900,管理，補助的経済活動を行う事業所,サービス業（他に分類されないもの）,R
901,機械修理業（電気機械器具を除く）,サービス業（他に分類されないもの）,R
902,電気機械器具修理業,サービス業（他に分類されないもの）,R
903,表具業,サービス業（他に分類されないもの）,R
909,その他の修理業,サービス業（他に分類されないもの）,R
910,管理，補助的経済活動を行う事業所,サービス業（他に分類されないもの）,R
911,職業紹介業,サービス業（他に分類されないもの）,R
912,労働者派遣業,サービス業（他に分類されないもの）,R
920,管理，補助的経済活動を行う事業所,サービス業（他に分類されないもの）,R
921,速記・ワープロ入力・複写業,サービス業（他に分類されないもの）,R
922,建物サービス業,サービス業（他に分類されないもの）,R
92A,ビルメンテナンス業,サービス業（他に分類されないもの）,R
92B,その他の建物サービス業,サービス業（他に分類されないもの）,R
923,警備業,サービス業（他に分類されないもの）,R
929,他に分類されない事業サービス業,サービス業（他に分類されないもの）,R
931,経済団体,サービス業（他に分類されないもの）,R
932,労働団体,サービス業（他に分類されないもの）,R
933,学術・文化団体,サービス業（他に分類されないもの）,R
934,政治団体,サービス業（他に分類されないもの）,R
939,他に分類されない非営利的団体,サービス業（他に分類されないもの）,R
941,神道系宗教,サービス業（他に分類されないもの）,R
942,仏教系宗教,サービス業（他に分類されないもの）,R
943,キリスト教系宗教,サービス業（他に分類されないもの）,R
949,その他の宗教,サービス業（他に分類されないもの）,R
950,管理，補助的経済活動を行う事業所,サービス業（他に分類されないもの）,R
951,集会場,サービス業（他に分類されないもの）,R
952,と畜場,サービス業（他に分類されないもの）,R
959,他に分類されないサービス業,サービス業（他に分類されないもの）,R
971,立法機関,公務（他に分類されるものを除く）,S
972,司法機関,公務（他に分類されるものを除く）,S
973,行政機関,公務（他に分類されるものを除く）,S
981,都道府県機関,公務（他に分類されるものを除く）,S
982,市町村機関,公務（他に分類されるものを除く）,S
